year,CPI
2013,106.8338489
2014,108.5669321
2015,108.695722
2016,110.0670089
2017,112.4115573
